{
    "instrument": "transition_observatory.py",
    "instrument_id": "IO-002",
    "observatory": "Information Observatory",
    "version": "1.0.0",
    "created_utc": "2026-06-25T03:57:07.731705+00:00",
    "prime_file": "repository\\raw_primes\\primes_1_1000000.npy",
    "start": 1,
    "end": 1000000,
    "prime_count": 78498,
    "gap_count": 78497,
    "selected_state_count": 20,
    "selected_states": [
        2,
        4,
        6,
        8,
        10,
        12,
        14,
        16,
        18,
        20,
        22,
        24,
        26,
        28,
        30,
        32,
        34,
        36,
        40,
        42
    ],
    "selected_gap_counts": {
        "2": 8169,
        "4": 8143,
        "6": 13549,
        "8": 5569,
        "10": 7079,
        "12": 8005,
        "14": 4233,
        "16": 2881,
        "18": 4909,
        "20": 2401,
        "22": 2172,
        "24": 2682,
        "26": 1175,
        "28": 1234,
        "30": 1914,
        "32": 550,
        "34": 557,
        "36": 767,
        "40": 424,
        "42": 476
    },
    "top_n": 20,
    "max_gap": null,
    "total_selected_transitions": 75310,
    "nonzero_source_rows": 20,
    "transition_matrix_density": 0.79,
    "spectral_summary": {
        "lambda1_abs": 1.0000000000000009,
        "lambda2_abs": 0.5603003345398553,
        "spectral_gap": 0.4396996654601447
    },
    "outputs": {
        "transition_matrix_csv": "observatories\\information_observatory\\results\\transition_1_1000000_top20_matrix.csv",
        "transition_counts_csv": "observatories\\information_observatory\\results\\transition_1_1000000_top20_counts.csv",
        "stationary_distribution_csv": "observatories\\information_observatory\\results\\transition_1_1000000_top20_stationary.csv",
        "summary_json": "observatories\\information_observatory\\results\\transition_1_1000000_top20_summary.json"
    },
    "runtime": {
        "load_primes_seconds": 0.0013380050659179688,
        "build_gaps_seconds": 0.00044417381286621094,
        "build_transitions_seconds": 0.08878469467163086,
        "total_seconds": 0.13230252265930176,
        "total_minutes": 0.002205042044321696
    },
    "python_version": "3.14.5 (tags/v3.14.5:5607950, May 10 2026, 10:43:50) [MSC v.1944 64 bit (AMD64)]",
    "platform": "Windows-11-10.0.26200-SP0",
    "numpy_version": "2.4.6"
}