,batch_index,prime_count,size_gb,generate_min,save_min,verify_min,total_min
batch_index,1.0,-0.998440977439335,-0.998440971669892,0.16537098879331455,0.7254805160195535,-0.0041674516627025465,0.20728255998885195
prime_count,-0.998440977439335,1.0,0.9999999996616281,-0.18133044681257546,-0.7247030352175573,-0.00348343984751643,-0.22280985135654893
size_gb,-0.998440971669892,0.9999999996616281,1.0,-0.18133584226120156,-0.7247006619499817,-0.0034879451399237957,-0.22281551454572412
generate_min,0.16537098879331455,-0.18133044681257546,-0.18133584226120156,1.0,0.014939257808149928,0.4046133174779258,0.9549287876043838
save_min,0.7254805160195535,-0.7247030352175573,-0.7247006619499817,0.014939257808149928,1.0,-0.15965370026650252,0.060552256999914345
verify_min,-0.0041674516627025465,-0.00348343984751643,-0.0034879451399237957,0.4046133174779258,-0.15965370026650252,1.0,0.642397187366919
total_min,0.20728255998885195,-0.22280985135654893,-0.22281551454572412,0.9549287876043838,0.060552256999914345,0.642397187366919,1.0
