batch_index,file,prime_count,min_prime,max_prime,size_gb,generate_sec,save_sec,verify_sec,total_sec,range_start,range_end,generate_min,save_min,verify_min,total_min,integers_per_batch,primes_per_second_total,gb_per_second_save_phase,outlier_rule
56,E:\PrimeNet\Repository\ranges\primes_2550000000001_2560000000000.npy,350018767,2550000000001,2559999999967,2.607843,154.509,36.659,32.481,223.649,2550000000001,2560000000000,2.57515,0.6109833333333333,0.54135,3.7274833333333333,10000000000,1565036.1369825038,0.07113786518999426,total_min > Q3 + 1.5*IQR = 3.523260
57,E:\PrimeNet\Repository\ranges\primes_2560000000001_2570000000000.npy,349977066,2560000000013,2569999999939,2.607532,182.748,33.443,32.501,248.693,2560000000001,2570000000000,3.0458,0.5573833333333333,0.5416833333333333,4.1448833333333335,10000000000,1407265.447760894,0.07796944054062135,total_min > Q3 + 1.5*IQR = 3.523260
58,E:\PrimeNet\Repository\ranges\primes_2570000000001_2580000000000.npy,349934996,2570000000011,2579999999971,2.607219,157.588,36.689,21.815,216.091,2570000000001,2580000000000,2.6264666666666665,0.6114833333333334,0.36358333333333337,3.601516666666667,10000000000,1619387.1841029937,0.07106268908937284,total_min > Q3 + 1.5*IQR = 3.523260
