metric,count,mean,median,std,min,p05,p25,p75,p95,max,iqr,cv
total_runtime_min,100,2.9507095,2.8953499999999996,0.2544148044715861,2.634666666666667,2.662004166666667,2.77325,3.0732541666666666,3.388243333333333,4.1448833333333335,0.3000041666666666,0.08622156958236184
generate_min,100,2.3152013333333334,2.264875,0.2090074782475783,2.0358666666666667,2.0744733333333336,2.1632875,2.4544500000000005,2.7068149999999997,3.0458,0.29116250000000043,0.09027615665142079
save_min,100,0.6028511666666666,0.6075083333333333,0.02552733292882425,0.5186333333333333,0.5432158333333333,0.5931416666666667,0.6189791666666666,0.6332083333333334,0.6386166666666667,0.025837499999999958,0.04234433694467582
verify_min,100,0.03265733333333334,0.0161,0.08294279154008743,0.01355,0.014164166666666665,0.0151375,0.0177,0.03392833333333331,0.5416833333333333,0.0025625000000000005,2.539790701631714
prime_count,100,350384025.64,350293295.5,1439227.170401339,348085768.0,348299643.6,349148541.5,351586028.75,352722067.45,353034663.0,2437487.25,0.004107570736915
